fonte_original,fonte_classe,linhas,total_liquidado
TRANSFERÊNCIA DA UNIÃO REFERENTE A ROYALTIES DO PETRÓLEO E GÁS NATURAL,petroleo,365,275667988.35
LEI 9478/97,petroleo,8,210222056.15
ROYALTIES,petroleo,789,160176350.85
RECURSOS ORDINÁRIOS,outros,43,119620226.2
ROYALTIES DA UNIÃO,petroleo,156,100921608.04
TRANSFERÊNCIAS DA UNIÃO REFERENTES ÀS PARTICIPAÇÕES NA EXPLORAÇÃO DE PETRÓLEO E GÁS NATURAL DESTINADAS AO FEP,petroleo,868,82739071.05
RECURSOS NÃO VINCULADOS DE IMPOSTOS (EXERC.CORRENTE),outros,7,50677648.09
ROYALTIES E PARTICIPAÇÃO ESPECIAL DE PETRÓLEO E GÁS NATURAL VINCULADOS À EDUCAÇÃO,petroleo,695,49655169.17
DESPESAS DE CAPITAL (0 -  ROYALTIES -  LEI 9478/97),petroleo,5,45405058.53
ROYALTIES ATÉ 5% - LEI 7.990/89,petroleo,16,43498754.71
CIP,outros,14,34797799.92
FUNDEB,outros,17,20916717.22
REC. EX. ANT.,outros,5,19678000.0
ROYALTIES EXCEDENTES,petroleo,131,18542349.76
TRANSFERÊNCIAS DA UNIÃO REFERENTES A COMPENSAÇÕES FINANCEIRAS PELA EXPLORAÇÃO DE RECURSOS NATURAIS (EXERC.ANTERIOR),petroleo,39,17398903.4
TRANS.UNIÃO COMPENSAÇ.FINAN.EXPLOR.RECUR.NATU,petroleo,42,16163570.73
TRANSFERÊNCIA DOS ESTADOS REFERENTE A RO,petroleo,6,15178465.02
ROYALTIES - TRANSFERÊNCIA ESTADO,petroleo,3,15004500.0
ROYALTIES DO ESTADO,petroleo,29,12479474.48
ROYALTIES PELO EXCEDENTE,petroleo,17,12252312.7
RECURSOS PRÓPRIOS,outros,230,11943963.35
DESPESAS DE CAPITAL (0 -  ROYALTIES  - LEI 9478/97),petroleo,1,11106568.73
RECURSOS DE EXERCÍCIOS ANTERIORES - ROYALTIES UNIÃO,petroleo,3,10906232.9
TRANSFERÊNCIAS DA UNIÃO REFERENTES ÀS PARTICIPAÇÕES NA EXPLORAÇÃO DE PETRÓLEO E GÁS NATURAL DESTINADAS AO FEP - LEI 9.478/1997 (EXERC.CORRENTE),petroleo,7,10903269.55
ROYALTIES PELO EXCEDENTE DA PRODUÇÃO,petroleo,15,10545138.0
TRANSFERÊNCIA DA UNIÃO REFERENTE A ROYALTIES DO PETRÓLEO E GÁS NATURAL - LEI 7990/89,petroleo,17,10095785.84
ROYALTIES - UNIÃO (1.720 - TRANSFERÊNCIAS DA UNIÃO REFERENTES ÀS PARTICIPAÇÕES NA EXPLORAÇÃO DE PETRÓLEO E GÁS NATURAL DESTINADAS AO FEP - LEI 9.478/1997 (EXERC.CORRENTE),petroleo,91,9639132.03
TRANSF. UNIÃO REFERENTE A COMPENSAÇÃO FINANCEIRA DE RECURSOS MINERAIS,petroleo,13,7954493.78
DESPESAS CORRENTES  (0 -  ROYALTIES -  LEI 9478/97),petroleo,22,7091009.48
"ROYALTIES DA UNIÃO
E 1500",petroleo,1,5978777.35
ROYALTIES VINCULADOS À EDUCAÇÃO,petroleo,8,5760600.0
TRANSFERÊNCIA DA UNIÃOREFERENTE A ROYALTIES DOPETRÓLEO E GÁS NATURAL,petroleo,12,5521951.2
RECURSOS NÃO VINCULADOS DE IMPOSTOS (EXERC.ANTERIOR),outros,1,5312062.8
RECURSOS DE EXERCÍCIOS ANTERIORES,outros,19,4887541.14
OUTROS RECURSOS NÃO VINCULADOS,outros,307,4591775.63
TRANSFERÊNCIA DA UNIÃO REFERENTE À COMPENSAÇÃO FINANCEIRA DE RECURSOS MINERAIS (EXERC.ANTERIOR),petroleo,6,4243435.14
RECURSOS DO EXERCÍCIO CORRENTE,outros,44,3974007.53
QESE,outros,22,3902288.01
COM. FIN.DOS ROYALTIES PELA PRODUÇÃO,petroleo,15,3862773.87
S. FORÇAS,outros,2,3739406.58
ROYALTIES DE PRODUÇÃO,petroleo,28,3410194.7
RECURSOS ORDINÁRIOS - TESOURO,outros,1,2800492.23
RECURSOS DA CONTRIBUIÇÃO PARA O CUSTEIO DO SERVIÇO DE ILUMINAÇÃO PÚBLICA,outros,9,2629131.87
TRANSFERÊNCIA DOS ESTADOS REFERENTE A ROYALTIES DO PETRÓLEO E GÁS NATURAL,petroleo,15,2419780.0
"RECURSOS PRÓPRIOS, 1704 ROYALTIES DA UNIÃO E 1705 ROYALTIES DO ESTADO",petroleo,3,2288234.64
TRANSFERÊNCIAS DOS ESTADOS REFERENTES A COMPENSAÇÕES FINANCEIRAS PELA EXPLORAÇÃO DE RECURSOS NATURAIS,petroleo,7,2223686.74
TRANSFERÊNCIAS DOS ESTADOS REFERENTES A COMPENSAÇÕES FINANCEIRAS PELA EXPLORAÇÃO DE RECURSOS NATURAIS (EXERC.ANTERIOR),petroleo,1,1959185.0
TRANSFERÊNCIAS DA UNIÃO REFERENTES A COMPENSAÇÕES FINANCEIRAS PELA EXPLORAÇÃO DE RECURSOS NATURAIS,petroleo,32,1701919.49
CIP (1.751 - RECURSOS DA CONTRIBUIÇÃO PARA O CUSTEIO DO SERVIÇO DE ILUMINAÇÃO PÚBLICA - COSIP (EXERC.CORRENTE),outros,3,1654773.3
PRÉ-SAL,petroleo,8,1432889.28
ROYALTIES - ESTADO (1.705 - TRANSFERÊNCIAS DOS ESTADOS REFERENTES A COMPENSAÇÕES FINANCEIRAS PELA EXPLORAÇÃO DE RECURSOS NATURAIS (EXERC.CORRENTE),petroleo,15,1362703.88
ROYALTIES 5% - LEI 7990/89,petroleo,4,1359729.39
Royalties pelo excedente Lei 9478/97,petroleo,5,1344080.03
TRANSFERÊNCIAS DA UNIÃO REFERENTES A COMPENSAÇÕES FINANCEIRAS PELA EXPLORAÇÃO,petroleo,13,1173484.31
TRANSFERÊNCIAS DA UNIÃO REFERENTES A CESSÃO ONEROSA DE PETRÓLEO – LEI Nº 13.885/2019  (EXERC.ANTERIOR),petroleo,1,1110228.99
TRANSFERÊNCIAS DA UNIÃO REFERENTES ÀS COMPENSAÇÕES FINANCEIRAS PELA EXPLORAÇÃO DE RECURSOS NATURAIS,petroleo,8,1090600.0
ROYALTIES - UNIÃO,petroleo,2,1041784.72
UNIÃO (OUTRAS TRANSFERÊNCIAS DE CONVÊNIOS OU INSTRUMENTOS CONGÊNERES DA UNIÃO (EXERC.CORRENTE),outros,4,991902.79
ROYALTIES DA UNIÃO E 1705 ROYALTIES DO ESTADO,petroleo,4,929698.23
ROYALTIES ATÉ 5%,petroleo,2,833574.0
ROYALTIES PELO EXCEDENTE DA PRODUÇÃO - LEI 9478/97,petroleo,4,600000.0
UNIÃO,outros,4,480797.89
TRANSFERÊNCIAS DA POLÍTICA NACIONAL ALDIR BLANC DE FOMENTO À CULTURA,outros,27,415662.45
PRÓPRIOS,outros,4,372734.06
RECURSOS VINCULADOS AO TRÂNSITO,outros,13,368372.09
S. FORÇAS (1.701,outros,2,312030.38
ROYALTIES UNIÃO,petroleo,16,250347.53
DESPESAS CORRENTES  (0  -  ROYALTIES -  LEI 9478/97),petroleo,2,208600.0
CONSERVAÇÃO AMBIENTAL,outros,8,173823.8
RECURSOS VINCULADOS A FUNDOS,outros,76,169203.64
ORDINÁRIO,outros,1,156119.19
R.P. (1.501,outros,1,123697.6
RECURSOS PRÓPRIOS / SUPERÁVIT FINANCEIRO,outros,3,106600.0
Recursos Vinculados a Fundos,outros,4,79350.4
R.P.,outros,15,39333.0
PNAQ,outros,1,32435.58
RECURSOS PROPRIOS,outros,12,23560.0
Transferência da União Referente a Royalties do Petróleo e gás natural,petroleo,6,7706.36
COM VINCULO ORÇAMENTÁRIO,outros,3,6971.4
UNIÃO (1.700,outros,1,4168.56
"R.P. (1.753 -  RECURSOS PROVENIENTES DE TAXAS, CONTRIBUIÇÕES E PREÇOS PÚBLICOS (EXERC.CORRENTE)",outros,1,3000.0
ROYALTIES - LEI 9478/97 - EXCEDENTE DA PRODUÇÃO DO,petroleo,3,163.31
DESPESAS CORRENTES,outros,55,0.0
1500,outros,4,0.0
DESPESAS DE CAPITA,outros,6,0.0
IMP/TRANSF E ROYALTIES,petroleo,6,0.0
PNAE,outros,1,0.0
OUTRAS TRANSFERÊNCIAS DE CONVÊNIOS OU INSTRUMENTOS CONGÊNERES DA UNIÃO (EXERC.ANTERIOR),outros,1,0.0
OUTROS RECURSOS VINCULADOS,outros,2,0.0
RECURSOS PROVENIENTES DE TAXAS E CONTRIBUIÇÕES,outros,21,0.0
RECURSOS NÃO VINCULADOS DE IMPOSTOS,outros,117,0.0
DESPESAS DE CAPITAL,outros,7,0.0
"RECURSOS PRÓPRIOS, ROYALTIES DA UNIÃO E ROYALTIES DO ESTADO",petroleo,1,0.0
Royalties pelo excedente - LEI 9478/97,petroleo,1,0.0
ROYALTIES DA UNIÃO / 1705,petroleo,2,0.0
ROYALTIES - FUNDO ESPECIAL DO PETRÓLEO,petroleo,1,0.0
TRANSFERÊNCIA DA UNIÃOREFERENTE A ROYALTIES DO PETRÓLEO E GÁS NATURAL,petroleo,4,0.0
TRANSF AO SETOR CULTURAL,outros,3,0.0
TRANSFERÊNCIAS DE ROYALTIES,petroleo,24,0.0
TRANSFERÊNCIAS DA UNIÃO REFERENTES A COMPENSAÇÕES FINANCEIRAS PELA EXPLORAÇÃO DE RECURSOS NATURAIS (EXERC.CORRENTE),petroleo,2,0.0
TRANSFERÊNCIAS DA UNIÃO REFERENTES ÀS PARTICIPAÇÕES NA EXPLORAÇÃO DE PETRÓLEO E GÁS NATURAL DESTINADAS AO FEP - LEI 9.478/1997,petroleo,1,0.0
TRECURSOS NÃO VINCULADOS DE IMPOSTOS (EXERC.CORRENTE),outros,5,0.0
TRANSFERÊNCIAS DOS ROYALTIES,petroleo,17,0.0
TRANSFERÊNCIAS DOS ROYALTEIS,petroleo,1,0.0
TRANSFERÊNCIAS DOS ESTADOS REFERENTES A COMPENSAÇÕES FINANCEIRAS PELA EXPLORAÇÃO DE RECURSOS NATURAIS (EXERC.CORRENTE),petroleo,1,0.0
